{"SLC45A4": 2.2606641378967476, "ANKRD36": 7.923856953685841, "PC": 6.165738564101913, "HSPB1": 2.8192261999263217, "AQP6": 1.993791738944567, "ERGIC1": 2.39327477956676, "DNAAF5": 1.911805985581361, "SAFB": 2.500200757837051, "SLC5A9": 1.9431591795419174, "PRKD3": 3.3834216394361882, "KLHL12": 5.709367760263855, "SYS1": 3.397021205535303, "SDC2": 3.6493028044453526, "GOLGA5": 9.04691556493471, "BTNL2": 0.41930377750575265, "TFEB": 4.351050700591601, "TAMM41": 6.114604393572461, "ZNF764": 4.991894088704262, "BIN1": 6.0534235264241865, "SIRT3": 3.5813723301710993, "SLC25A52": 0.6084411357293699, "LRP12": 4.961002919098798, "SLC25A32": 15.428942932258858, "SENP8": 7.017747190791208, "GALT": 3.6395868772492874, "LIN28A": 1.1908738054442258, "CHMP3": 6.9022259052697885, "PPM1M": 3.063622835959657, "RPP40": 13.088086754520601, "MAMSTR": 4.320828235284284, "ATP10D": 12.257134934314308, "KCNK5": 2.4296340191025467, "DENND5B": 4.76058475784328, "FOXJ3": 2.4374228785204206, "CCDC59": 10.935324873285523, "PCDHGB2": 0.7123810925419405, "RPS27A": 2.792075712060122, "BACE1": 4.630855158059234, "FAM72A": 34.95430586174545, "SSX4B": 0.7591319246765508, "SH2D5": 2.783289242356879, "PYGL": 3.9045050473786755, "EBP": 3.115060373155775, "ADAMDEC1": 0.5920202699527747, "IGSF5": 0.633054031004745, "NOM1": 4.993795690650208, "TIAM1": 9.690593712316488, "ALMS1": 8.920586506740408, "ZMYND8": 5.7081398615100225, "ZNF462": 1.8599041292899847, "ADGRG1": 0.4906780933671484, "ZNF48": 7.666731024622638, "FNDC8": 3.407956970210059, "TGFB1": 1.7146282904100127, "CHRNA1": 3.2782965854666504, "CPA6": 0.92095025694092, "EIF5B": 6.934921385895199, "PPP3CA": 7.7119980630881315, "ADCY4": 1.4442108777336977, "NRSN1": 0.8156419682287596, "NFE4": 1.0316035472035145, "RPS13": 4.963738320933395, "LSS": 3.5871867355021996, "ZFP3": 1.8840579511588782, "HSPG2": 4.457630017220047, "ZNF3": 5.099643768705215, "HPS1": 2.1384874982254507, "ZNF438": 5.524024698450547, "ROPN1L": 6.26931861546807, "C14orf93": 4.452981761771397, "LRRC45": 6.241007538406292, "BLOC1S5": 8.715544531373908, "ZBTB7A": 3.187810197099779, "IFFO1": 4.154048569411521, "PTPRS": 1.8921638312227564, "NT5C3B": 1.310361148871217, "CPLX1": 1.1525219304337677, "MUC5AC": 2.2170254431400065, "GPM6B": 1.4093080937802176, "ADAMTS2": 0.7066154447159231, "CHD2": 12.10339358727591, "UGT1A8": 0.7380061391289962, "TTYH3": 6.052919440513001, "SYBU": 1.0011853037086917, "TGFA": 7.902476032348868, "LKAAEAR1": 2.7691154797729354, "EEF1A2": 1.9006721720921482, "ASCC3": 7.509487031896195, "NCMAP": 2.56485562672786, "LAT": 1.1766020888264153, "GSKIP": 3.7264453737077026, "URAD": 0.7258471232885655, "MYLIP": 6.8739978640386035, "SLC25A30": 3.4066104581243497, "MYCN": 2.537796352227677, "OR8I2": 0.4084068836557138, "RHOBTB1": 1.1847629596818228, "TMSB10": 5.212645303735173, "RNFT1": 3.2488770918741885, "NKPD1": 1.4970686478401276, "BRPF1": 10.008743021448106, "TAL1": 1.0394163151553402, "ZRANB1": 0.6879553984505629, "SLC6A6": 2.8429118605010326, "XRCC5": 2.9727827322055838, "PIK3C3": 3.613795618790777, "TARBP2": 6.077071833662721, "KCNH1": 5.675943768390002, "CCDC144A": 0.9516477773572458, "HOXD8": 4.9156141486863385, "INPP5K": 3.93882980665045, "RFC3": 2.1839590062752423, "ZFYVE21": 5.803388992824725, "TJP1": 0.8655557956081136, "C3orf20": 2.4131518126962717, "PARG": 1.3054832144883528, "GALNT9": 1.223746479240924, "ABCA6": 1.007742647140357, "VAX2": 4.009414512265249, "NME3": 2.1138149252634073, "PRELID1": 3.4398838349515795, "S100A14": 1.2971658483268094, "ERICH2": 6.03677592858914, "DTL": 4.733478993991663, "S100A7": 1.030356600884911, "KRT36": 1.5963782316140953, "FKBP1A": 2.207521079167889, "ATP6V1B2": 2.8648279899577895, "LRMDA": 0.9428249177472249, "HOXC5": 1.1479629397550148, "TYK2": 4.720931368429792, "MGAM": 1.0347894727359424, "BCCIP": 1.7148434641406363, "HEYL": 2.3214294036640593, "RGS5": 8.101694187169011, "RNASE6": 0.6914540782114104, "GCC2": 5.172594885322303, "C16orf89": 0.8525200269703915, "COL4A5": 0.9475221138807396, "FRS3": 5.335423669329028, "HSDL1": 2.377775811872712, "ARX": 0.9981422735293128, "GTF2H2": 5.606702046643651, "UBTF": 2.7816388109425882, "VPS37B": 3.007903556950281, "HBE1": 0.6944231993950898, "KDM4C": 0.760797282500613, "PUF60": 4.7805606475625355, "GCNT4": 1.3242143715898027, "ZHX1-C8orf76": 6.738047675897818, "GNA11": 1.7437994936847139, "ST6GALNAC1": 0.5581468744118244, "MAFB": 6.955920307319783, "RHOBTB3": 1.0740449655099353, "ZDHHC3": 1.533800020534098, "CGB3": 2.5091593584516727, "KREMEN1": 1.8384039476168121, "FGL2": 0.6302566198602186, "IRF7": 3.2496565762828276, "NLRP1": 0.6238479908641044, "AGPS": 5.250802379863568, "ATG16L1": 1.2442627742794532, "KRBOX4": 1.278252947325525, "GBP5": 0.35998213966517945, "RAB10": 11.025374399045596, "MYBL1": 6.0071959699322495, "UHMK1": 3.8126681021004245, "ILDR2": 1.533858459915, "GNPTAB": 8.924147112008027, "PRTFDC1": 1.5856012893512232, "SYCE2": 1.8018751940058955, "ZBTB16": 0.8060232597754142, "CCDC6": 4.79716932981007, "CEP85": 7.253143879846053, "PPP1R13L": 3.135464267308814, "MAPK11": 2.267159877348367, "RNF187": 6.349696497445501, "AAK1": 0.7328535018629435, "HTRA3": 1.1069211325968769, "PLEKHA2": 1.576395887539542, "EWSR1": 3.678945115888858, "KCNJ18": 2.4305367853020763, "SYTL2": 2.579162604448812, "SPRR2E": 0.5705616543446093, "FNDC1": 1.2674439499173982, "SMPD1": 6.341956875893156, "ATRX": 2.1176272407325616, "DEUP1": 0.578106563589191, "ZNF318": 5.831328217358355, "UTP20": 3.4270598083032215, "LMF1": 2.061476018471377, "CETN2": 9.434425971516815, "HLF": 3.988531347635349, "UBXN1": 2.2268654453816152, "IGF1R": 3.7488107034840934, "KRT34": 0.5987187018811151, "ADAM15": 3.477900531036426, "DNAH7": 10.333758708124158, "PLIN5": 0.9972445180837143, "AVPR1B": 0.9247607897551215, "SIGLEC11": 1.0767641504498833, "FOXF2": 1.779273941496626, "SLC25A44": 2.8596310629444908, "RIC3": 0.5277686148464639, "TMPRSS5": 7.760332943903031, "ABCC11": 3.8874583731620276, "SMYD5": 4.092876820771561, "CDK5": 8.772376064532224, "L3MBTL1": 0.9913891013335592, "ARHGAP32": 2.9049677810156274, "RNFT2": 8.21481074579466, "NBN": 6.20850005374353, "TRIM7": 4.157291776086181, "RHAG": 0.9838701221175113, "EAF2": 7.015240670169341, "SUPT20H": 6.766677491782207, "PAIP2": 6.895195191943734, "GTF2A1L": 1.2371172413735034, "TUBGCP3": 5.417837385017705, "MCMBP": 5.425073517760047, "FAM50B": 1.9672199368424537, "ANAPC2": 4.177526638327124, "BRICD5": 5.607060851372215, "ZBTB9": 7.841466175576283, "MYCBPAP": 1.0907838677941584, "GAPVD1": 2.2183438141069947, "TAF13": 3.0235466174956067, "BRIX1": 8.137324584901075, "SPA17": 3.413672233260711, "ARF5": 12.703694294276183, "PBX3": 5.5721161386953275, "EIF4A3": 4.7016810518613745, "OTULIN": 8.10994507681724, "VPS52": 3.705581285873698, "MRGPRE": 0.652387535926397, "RDH12": 2.9676118902878805, "LMTK3": 1.4851788239754544, "GALNT7": 6.447529945089375, "PRKAA2": 1.7484165373284968, "MED29": 5.572377302019206, "ST13": 4.546154951346809, "RNF34": 7.125812260350826, "AASS": 12.790405837772271, "DNMT3A": 2.5527234961664824, "NTN4": 1.4087088614887981, "PLEKHG4": 2.9327517629448563, "ADGRB3": 2.612725963236681, "NRXN1": 0.7577259251224943, "EFCAB6": 1.6544563824039569, "CCDC157": 4.368103421814937, "TRPM5": 1.2281405081412762, "PDXDC1": 7.860243571882701, "ACVR2A": 9.458869030450815, "DBNDD1": 3.7295033646431928, "NT5C3A": 16.783071984949732, "ATOH1": 0.9736043564218875, "ZNF189": 11.97489521817868, "INTS8": 0.7899790078655549, "REG3A": 0.6130784872907131, "UNC50": 3.0650771873271108, "MRPS6": 3.0050571232581262, "RIOX2": 5.938958785841815, "ALAD": 5.899391431401884, "WDR24": 1.452240273457061, "TSPAN15": 1.1207218627775382, "PHF21B": 1.0420783201336916, "GANAB": 4.098201024632789, "GLYAT": 0.5068879691246386, "SPATA22": 0.9929797275167469, "TNKS1BP1": 7.092511154864791, "PCMTD2": 3.316863448043479, "GGTLC2": 2.9889284615128404, "PIEZO2": 0.9789684712212755, "ABHD5": 4.351160545958549, "DOCK11": 4.442350610533807, "RGS10": 3.1819546606287914,