{"BACE1": 4.9501591556374605, "SMARCA4": 3.758974358974359, "EGFR": 3.0533333333333332, "KMT2C": 2.6801965392010256, "TP53": 2.559725158562368, "ESR1": 2.5028735632183907, "BRCA1": 1.9253912488022995, "PTEN": 1.9073477280051563, "PIK3CA": 1.812807881773399, "CDKN2A": 1.389121338912134, "MYC": 1.368686908270111, "RB1": 1.024441682672391}